Order,Family,Species,TrophicLevel,MaxLongevity,SexualMaturity,GestationLen,LittersPerYear,PopulationDensity,PrecipMean,TempMean
Carnivora,Felidae,Acinonyx jubatus,LEVEL3,228,636.19,92.24,NA,0.01,51.26,230.83
Carnivora,Ursidae,Ailuropoda melanoleuca,LEVEL1,360,2100.69,135,NA,0.18,101.81,65.51
Carnivora,Ursidae,Ailurus fulgens,LEVEL1,168,518.48,131.5,1,NA,131.93,44.73
Carnivora,Canidae,Alopex lagopus,LEVEL3,180,255.85,52.99,NA,0.1,29.99,-90.39
Carnivora,Mustelidae,Amblonyx cinereus,LEVEL3,121,NA,64.82,NA,NA,173.12,226.57
Carnivora,Mustelidae,Aonyx capensis,LEVEL2,132,NA,64.41,NA,0.35,92.7,231.73
Carnivora,Mustelidae,Aonyx congicus,LEVEL2,NA,323.18,62.73,NA,NA,135.86,239.31
Carnivora,Viverridae,Arctictis binturong,LEVEL1,272.4,875.43,92.24,NA,NA,194.92,229.94
Carnivora,Otariidae,Arctocephalus australis,LEVEL2,252,1573.33,247.01,NA,NA,NA,NA
Carnivora,Otariidae,Arctocephalus forsteri,LEVEL2,180,2377.97,243.09,NA,NA,NA,NA
Carnivora,Mustelidae,Arctonyx collaris,LEVEL2,167,NA,42.94,NA,NA,124.48,169.67
Carnivora,Canidae,Atelocynus microtis,LEVEL3,132,NA,NA,NA,NA,163.06,235.49
Carnivora,Herpestidae,Atilax paludinosus,LEVEL2,209,258.1,77.47,2,NA,99.93,233.39
Carnivora,Procyonidae,Bassaricyon alleni,NA,NA,NA,NA,NA,NA,208.81,258.1
Carnivora,Procyonidae,Bassaricyon beddardi,NA,NA,NA,NA,NA,NA,186.26,239.89
Carnivora,Procyonidae,Bassaricyon gabbii,LEVEL2,300,534.82,76.84,NA,6.11,176.37,230.94
Carnivora,Otariidae,Arctocephalus galapagoensis,LEVEL2,264,1460,216.21,NA,NA,NA,NA
Carnivora,Otariidae,Arctocephalus gazella,LEVEL3,276,1465.47,295.06,NA,22,NA,NA
Carnivora,Otariidae,Arctocephalus philippii,LEVEL2,NA,NA,NA,NA,NA,NA,NA
Carnivora,Otariidae,Arctocephalus pusillus,LEVEL3,252,1480.71,299.3,NA,NA,NA,NA
Carnivora,Otariidae,Arctocephalus townsendi,LEVEL3,288,NA,NA,NA,NA,NA,NA
Carnivora,Otariidae,Arctocephalus tropicalis,LEVEL2,276,1379.79,242.3,NA,NA,NA,NA
Carnivora,Viverridae,Arctogalidia trivirgata,LEVEL2,190,730,46.01,NA,NA,199.26,232.1
Carnivora,Procyonidae,Bassaricyon lasius,NA,NA,NA,NA,NA,NA,238.21,218.22
Carnivora,Procyonidae,Bassaricyon pauli,NA,NA,NA,NA,NA,NA,233,295.37
Carnivora,Procyonidae,Bassariscus astutus,LEVEL2,198,240.9,54.36,1,3.61,45.32,153.99
Carnivora,Procyonidae,Bassariscus sumichrasti,LEVEL2,276,730,NA,NA,18.1,134.37,230.31
Carnivora,Herpestidae,Bdeogale crassicauda,LEVEL3,NA,NA,NA,NA,NA,82.89,229.26
Carnivora,Herpestidae,Bdeogale jacksoni,LEVEL3,NA,NA,NA,NA,NA,80.08,196.41
Carnivora,Herpestidae,Bdeogale nigripes,LEVEL2,190,NA,NA,NA,NA,145.53,242.16
Carnivora,Otariidae,Callorhinus ursinus,LEVEL2,420,1464.98,250.93,0.5,18,NA,NA
Carnivora,Canidae,Canis adustus,LEVEL2,137,213.4,64.99,NA,0.74,90.75,236.51
Carnivora,Canidae,Canis aureus,LEVEL2,192,323.18,61.24,NA,0.23,44.61,217.23
Carnivora,Canidae,Canis latrans,LEVEL3,262,319.38,61.74,NA,0.25,53.03,58.18
Carnivora,Canidae,Canis lupus,LEVEL3,354,565.58,63.24,2,0.01,34.79,4.82
Carnivora,Canidae,Canis mesomelas,LEVEL2,168,204.76,62.5,NA,0.74,49.27,213.33
Carnivora,Canidae,Canis rufus,LEVEL3,240,697.5,61.99,NA,NA,NA,NA
Carnivora,Canidae,Canis simensis,LEVEL3,NA,658.09,63.77,NA,1.2,83.87,99.03
Carnivora,Felidae,Caracal caracal,LEVEL3,204,384.59,71.47,NA,NA,40.03,221.57
Carnivora,Felidae,Catopuma badia,NA,NA,NA,NA,NA,NA,278.55,227.89
Carnivora,Felidae,Catopuma temminckii,LEVEL3,216,NA,99.32,NA,NA,156.56,197.24
Carnivora,Mustelidae,Conepatus chinga,LEVEL2,79.2,NA,NA,NA,NA,65.02,133.91
Carnivora,Mustelidae,Conepatus humboldtii,LEVEL3,NA,NA,NA,NA,NA,30.56,80.76
Carnivora,Mustelidae,Conepatus leuconotus,LEVEL3,84,364.99,61.77,NA,NA,56.58,180.72
Carnivora,Mustelidae,Conepatus mesoleucus,LEVEL3,NA,269.93,51.33,2,NA,NA,NA
Carnivora,Mustelidae,Conepatus semistriatus,LEVEL2,NA,NA,NA,NA,9.65,130.15,243.25
Carnivora,Canidae,Cerdocyon thous,LEVEL2,138,243.4,57.26,NA,3.59,118.7,229.96
Carnivora,Viverridae,Chrotogale owstoni,LEVEL2,NA,NA,NA,NA,NA,136.85,183.06
Carnivora,Canidae,Chrysocyon brachyurus,LEVEL2,180,364.99,63.48,NA,NA,110.24,223.49
Carnivora,Viverridae,Civettictis civetta,LEVEL2,336,266.81,68.49,NA,NA,101.3,237.14
Carnivora,Hyaenidae,Crocuta crocuta,LEVEL3,493.2,712.95,112.47,NA,0.13,78.32,238.46
Carnivora,Herpestidae,Crossarchus alexandri,NA,NA,NA,NA,NA,NA,143.64,240.89
Carnivora,Herpestidae,Crossarchus ansorgei,LEVEL2,NA,NA,NA,NA,NA,154.3,250.03
Carnivora,Herpestidae,Crossarchus obscurus,LEVEL2,108,242.38,69.99,2.5,NA,175.02,256.38
Carnivora,Viverridae,Cryptoprocta ferox,LEVEL3,240,1095,92.66,1,0.89,125.27,221.98
Carnivora,Canidae,Cuon alpinus,LEVEL3,192,320.75,61.49,NA,0.56,95.28,96.48
Carnivora,Herpestidae,Cynictis penicillata,LEVEL3,182.4,308.97,56.98,NA,NA,33.29,184.21
Carnivora,Viverridae,Cynogale bennettii,LEVEL2,60,NA,NA,NA,NA,235.45,254.4
Carnivora,Phocidae,Cystophora cristata,LEVEL2,420,1095,244.99,NA,4.82E-03,NA,NA
Carnivora,Mustelidae,Enhydra lutris,LEVEL2,360,895.91,238,NA,6.47,NA,NA
Carnivora,Otariidae,Eumetopias jubatus,LEVEL2,360,1721.65,342.1,NA,NA,NA,NA
Carnivora,Viverridae,Diplogale hosei,LEVEL2,NA,NA,NA,NA,NA,257.68,231.32
Carnivora,Herpestidae,Dologale dybowskii,NA,NA,NA,NA,NA,NA,124.43,234.33
Carnivora,Canidae,Dusicyon australis,LEVEL3,NA,NA,NA,NA,NA,NA,NA
Carnivora,Mustelidae,Eira barbara,LEVEL2,216,664.37,66.91,NA,1.8,149.9,235.82
Carnivora,Phocidae,Erignathus barbatus,LEVEL2,377.43,1905.11,277.99,NA,0.01,NA,NA
Carnivora,Viverridae,Eupleres goudotii,LEVEL2,NA,NA,94.09,NA,NA,163.67,207.15
Carnivora,Felidae,Felis bieti,NA,NA,NA,NA,NA,NA,30.11,-4.92
Carnivora,Felidae,Felis chaus,LEVEL3,144,332.29,62.88,2,NA,74.24,201.07
Carnivora,Felidae,Felis margarita,LEVEL3,NA,NA,63.77,NA,NA,7.48,223.87
Carnivora,Felidae,Felis nigripes,LEVEL3,144,251.85,67.5,4,NA,30.61,186.65
Carnivora,Felidae,Felis silvestris,LEVEL3,408,300.33,65.49,2,2.95,46.98,192.78
Carnivora,Viverridae,Fossa fossana,LEVEL2,132,514.1,88.61,NA,3.46,168.03,202.81
Carnivora,Viverridae,Genetta abyssinica,NA,NA,NA,NA,NA,NA,61.18,232.59
Carnivora,Viverridae,Genetta angolensis,NA,NA,NA,NA,NA,NA,94.05,216.39
Carnivora,Viverridae,Genetta genetta,LEVEL2,408,1095,74.28,NA,1.91,53.49,228.99
Carnivora,Viverridae,Genetta johnstoni,NA,NA,NA,NA,NA,NA,219.22,246.68
Carnivora,Viverridae,Genetta maculata,LEVEL2,NA,NA,NA,NA,NA,101.02,235.61
Carnivora,Viverridae,Genetta servalina,LEVEL2,408,NA,NA,2,NA,136.23,236.94
Carnivora,Viverridae,Genetta thierryi,NA,NA,NA,NA,NA,NA,108.6,265.67
Carnivora,Viverridae,Genetta tigrina,LEVEL2,180,730,71.57,NA,NA,54.32,170.06
Carnivora,Viverridae,Genetta victoriae,NA,NA,NA,NA,NA,NA,140.08,234.39
Carnivora,Herpestidae,Galerella flavescens,NA,NA,NA,NA,NA,NA,36.5,181.27
Carnivora,Herpestidae,Galerella pulverulenta,LEVEL3,104.5,NA,NA,NA,10,28.26,158.01
Carnivora,Herpestidae,Galerella sanguinea,LEVEL2,72,463.75,62.73,NA,NA,84.96,233.31
Carnivora,Herpestidae,Galerella swalius,NA,NA,NA,NA,NA,NA,11.08,166.56
Carnivora,Mustelidae,Galictis cuja,LEVEL3,87,NA,NA,NA,NA,76.07,152.93
Carnivora,Mustelidae,Galictis vittata,LEVEL3,126,NA,NA,NA,2.16,159.64,247.98
Carnivora,Herpestidae,Galidia elegans,LEVEL2,158.4,730,76.16,1,15.9,154.88,212
Carnivora,Herpestidae,Galidictis fasciata,LEVEL3,NA,NA,NA,1,NA,178.59,197.78
Carnivora,Herpestidae,Galidictis grandidieri,LEVEL3,NA,NA,NA,1,NA,43.21,241.82
Carnivora,Mustelidae,Gulo gulo,LEVEL3,216,657.48,161.73,0.5,7.92E-03,32.21,-72.05
Carnivora,Phocidae,Halichoerus grypus,LEVEL3,560.07,1521.6,342.99,NA,NA,NA,NA
Carnivora,Ursidae,Helarctos malayanus,LEVEL1,297,NA,98.46,NA,NA,200.18,243.88
Carnivora,Herpestidae,Helogale hirtula,LEVEL3,NA,NA,NA,NA,NA,41.92,242
Carnivora,Herpestidae,Helogale parvula,LEVEL3,131,368.85,54.15,2.25,NA,71.37,222.44
Carnivora,Herpestidae,Ichneumia albicauda,LEVEL3,144,658.09,NA,NA,3.7,73.59,237.16
Carnivora,Mustelidae,Ictonyx libyca,LEVEL2,60,NA,37.83,NA,NA,15.87,244.56
Carnivora,Mustelidae,Ictonyx striatus,LEVEL2,160,398.96,36.81,1,NA,63.09,235.22
Carnivora,Viverridae,Hemigalus derbyanus,LEVEL2,144,NA,NA,NA,NA,245.18,248.86
Carnivora,Felidae,Herpailurus yaguarondi,LEVEL2,127.83,912.49,75.11,2,0.58,138.93,233.53
Carnivora,Herpestidae,Herpestes brachyurus,LEVEL3,NA,NA,NA,NA,NA,233.62,249.02
Carnivora,Herpestidae,Herpestes edwardsii,LEVEL2,NA,270,63.25,3.3,NA,80.62,242.34
Carnivora,Herpestidae,Herpestes ichneumon,LEVEL2,240,617,76.06,1.5,NA,80.56,232.14
Carnivora,Herpestidae,Herpestes javanicus,LEVEL2,120,144.54,48.54,2,39.6,96.01,208.18
Carnivora,Herpestidae,Herpestes naso,LEVEL3,NA,NA,NA,NA,NA,147.67,242.77
Carnivora,Herpestidae,Herpestes palustris,NA,NA,NA,NA,NA,NA,NA,NA
Carnivora,Herpestidae,Herpestes semitorquatus,NA,NA,NA,NA,NA,NA,273.83,241.51
Carnivora,Herpestidae,Herpestes smithii,LEVEL2,NA,NA,NA,NA,NA,99.82,258.68
Carnivora,Herpestidae,Herpestes urva,LEVEL2,160,NA,65.86,NA,NA,144.94,194.75
Carnivora,Herpestidae,Herpestes vitticollis,NA,NA,NA,NA,NA,NA,129.65,258.43
Carnivora,Hyaenidae,Hyaena hyaena,LEVEL2,288,807.96,90.5,NA,NA,29.52,228.97
Carnivora,Phocidae,Hydrurga leptonyx,LEVEL2,312,1204.5,258.54,NA,0.11,NA,NA
Carnivora,Felidae,Leopardus pardalis,LEVEL3,243.6,580.9,81.99,1,0.43,137.68,228.69
Carnivora,Felidae,Leopardus tigrinus,LEVEL3,240,821.25,78.41,NA,NA,146.19,238.17
Carnivora,Felidae,Leopardus wiedii,LEVEL3,240,912.49,82.31,NA,NA,153.31,237.03
Carnivora,Felidae,Leptailurus serval,LEVEL3,276,589.76,74.23,NA,NA,89.07,235.57
Carnivora,Phocidae,Leptonychotes weddellii,LEVEL2,300,1359.81,314.99,NA,0.12,NA,NA
Carnivora,Herpestidae,Liberiictis kuhni,LEVEL2,NA,NA,NA,NA,NA,240.02,244.82
Carnivora,Phocidae,Lobodon carcinophagus,LEVEL3,468,1318.92,270.15,NA,1.01,NA,NA
Carnivora,Mustelidae,Lontra canadensis,LEVEL3,300,617,58.55,NA,1.13,55.55,10.63
Carnivora,Mustelidae,Lontra felina,LEVEL3,NA,NA,76.07,NA,NA,NA,NA
Carnivora,Mustelidae,Lontra longicaudis,LEVEL3,NA,NA,NA,NA,NA,148.59,235.06
Carnivora,Mustelidae,Lontra provocax,LEVEL3,NA,NA,NA,NA,NA,53.46,75.3
Carnivora,Mustelidae,Lutra lutra,LEVEL3,264,607.06,64.35,1,0.85,57.47,50.66
Carnivora,Mustelidae,Lutra maculicollis,LEVEL3,NA,730,59.68,NA,NA,106.5,237.71
Carnivora,Mustelidae,Lutra sumatrana,LEVEL3,NA,NA,NA,NA,NA,228.88,249.18
Carnivora,Mustelidae,Lutrogale perspicillata,LEVEL3,180,822.48,63.39,NA,4.49,154.44,247.08
Carnivora,Canidae,Lycaon pictus,LEVEL3,132,715.98,71.18,NA,0.01,68.95,235.55
Carnivora,Mustelidae,Lyncodon patagonicus,NA,NA,NA,NA,NA,NA,29.73,100.22
Carnivora,Felidae,Lynx canadensis,LEVEL3,321,575.88,62.5,NA,0.05,43.45,-31.78
Carnivora,Felidae,Lynx lynx,LEVEL3,321.6,642.55,67,1,0.02,38.38,-17.24
Carnivora,Felidae,Lynx pardinus,LEVEL3,NA,NA,69.53,NA,0.32,48.41,133.69
Carnivora,Felidae,Lynx rufus,LEVEL3,388,581.73,60,NA,0.1,53.72,108.31
Carnivora,Viverridae,Macrogalidia musschenbroekii,LEVEL2,NA,NA,NA,NA,NA,226.87,197.06
Carnivora,Mustelidae,Martes americana,LEVEL3,228,385.62,28.1,NA,0.67,48.46,-26.12
Carnivora,Mustelidae,Martes flavigula,LEVEL3,168,1095,150.03,NA,NA,134.9,149.09
Carnivora,Mustelidae,Martes foina,LEVEL3,217.2,646.36,30.84,NA,NA,50.11,68.78
Carnivora,Mustelidae,Martes gwatkinsii,LEVEL2,NA,NA,NA,NA,NA,155.37,259.98
Carnivora,Mustelidae,Martes martes,LEVEL3,204,428.14,30.67,0.75,0.44,51.92,42.55
Carnivora,Mustelidae,Martes melampus,NA,NA,NA,NA,NA,NA,132.97,103.02
Carnivora,Mustelidae,Martes pennanti,LEVEL3,121.76,348.41,31.36,NA,0.17,54.09,9.25
Carnivora,Mustelidae,Martes zibellina,LEVEL2,180,417.44,30.84,NA,0.07,31.8,-78.28
Carnivora,Mustelidae,Meles meles,LEVEL3,194.4,364.99,48.6,NA,2.54,44.05,47.62
Carnivora,Mustelidae,Mellivora capensis,LEVEL2,318,NA,181.92,2,NA,66.13,236.56
Carnivora,Mustelidae,Melogale everetti,LEVEL2,NA,NA,NA,NA,NA,227.5,236.5
Carnivora,Mustelidae,Melogale moschata,LEVEL2,126,NA,NA,NA,NA,120.32,163.76
Carnivora,Mustelidae,Melogale orientalis,NA,NA,NA,NA,NA,NA,201.99,238.22
Carnivora,Mustelidae,Melogale personata,LEVEL2,NA,NA,NA,NA,NA,160,228.12
Carnivora,Ursidae,Melursus ursinus,LEVEL2,480,1095,203.88,NA,0.14,119.46,241.79
Carnivora,Mustelidae,Mephitis macroura,LEVEL3,NA,NA,58.27,NA,NA,61.11,187.66
Carnivora,Mustelidae,Mephitis mephitis,LEVEL2,155,308,63.29,2,8.21,52.67,75.97
Carnivora,Phocidae,Mirounga angustirostris,LEVEL2,243.5,1318.92,246.12,NA,NA,NA,NA
Carnivora,Phocidae,Mirounga leonina,LEVEL3,276,1392.2,235.24,NA,NA,NA,NA
Carnivora,Phocidae,Monachus monachus,LEVEL2,284.4,1343.2,334.58,NA,NA,NA,NA
Carnivora,Phocidae,Monachus schauinslandi,LEVEL2,360,1498.69,345.03,NA,NA,NA,NA
Carnivora,Phocidae,Monachus tropicalis,LEVEL3,NA,NA,NA,NA,NA,NA,NA
Carnivora,Herpestidae,Mungos gambianus,LEVEL2,NA,NA,NA,NA,NA,132.16,263
Carnivora,Herpestidae,Mungos mungo,LEVEL3,144,306.47,60.91,2.5,17.1,78.76,238.55
Carnivora,Herpestidae,Mungotictis decemlineata,LEVEL3,NA,657.98,100.96,NA,7.36,63.23,241.32
Carnivora,Mustelidae,Mustela africana,NA,NA,NA,NA,NA,NA,182.62,253.29
Carnivora,Mustelidae,Mustela altaica,LEVEL3,NA,NA,39.99,NA,NA,50.88,-6.12
Carnivora,Mustelidae,Mustela erminea,LEVEL3,85.23,87.1,56.29,NA,6.25,38.17,-28.22
Carnivora,Mustelidae,Mustela eversmannii,LEVEL3,NA,279.83,40.14,1,NA,34.34,17.92
Carnivora,Mustelidae,Mustela felipei,NA,NA,NA,NA,NA,NA,113.99,131
Carnivora,Mustelidae,Mustela frenata,LEVEL3,85.23,192.39,24.5,NA,0.76,78.21,130.93
Carnivora,Mustelidae,Mustela kathiah,LEVEL3,NA,NA,NA,NA,NA,120.3,154.81
Carnivora,Mustelidae,Mustela lutreola,LEVEL3,120,306.07,43.74,NA,0.07,45.48,41.81
Carnivora,Mustelidae,Mustela lutreolina,LEVEL3,NA,NA,NA,NA,NA,236.58,245.51
Carnivora,Mustelidae,Mustela nigripes,LEVEL3,144,323.18,43,NA,2,NA,NA
Carnivora,Mustelidae,Mustela nivalis,LEVEL3,120,148.29,36.42,1,12.9,37.47,-6.72
Carnivora,Mustelidae,Mustela nudipes,NA,NA,NA,NA,NA,NA,239.47,248
Carnivora,Mustelidae,Mustela putorius,LEVEL3,168,267.67,41.49,1,0.83,50.81,63.88
Carnivora,Mustelidae,Mustela sibirica,LEVEL3,106,NA,30.16,NA,NA,46.89,23.77
Carnivora,Mustelidae,Mustela strigidorsa,NA,NA,NA,NA,NA,NA,163.3,159.57
Carnivora,Mustelidae,Mustela vison,LEVEL3,120,298.77,51.44,NA,2.5,55.37,14.91
Carnivora,Mustelidae,Mydaus javanensis,LEVEL2,NA,NA,NA,NA,NA,242.37,248.86
Carnivora,Mustelidae,Mydaus marchei,NA,NA,NA,NA,NA,NA,224,249.78
Carnivora,Viverridae,Nandinia binotata,LEVEL1,222,879.28,65.44,NA,5,130.21,239.97
Carnivora,Procyonidae,Nasua narica,LEVEL2,212,875,76.92,NA,6.11,86.19,205.61
Carnivora,Procyonidae,Nasua nasua,LEVEL2,212.4,730,75.15,NA,15.5,156.33,239.16
Carnivora,Procyonidae,Nasuella olivacea,LEVEL2,NA,NA,NA,NA,NA,118.71,177.03
Carnivora,Felidae,Neofelis nebulosa,LEVEL3,204,661.66,93.44,NA,NA,178.64,218.29
Carnivora,Otariidae,Neophoca cinerea,LEVEL2,192,1386.84,266.61,NA,NA,NA,NA
Carnivora,Canidae,Nyctereutes procyonoides,LEVEL2,168,279.83,61.84,NA,12,70.08,56.73
Carnivora,Odobenidae,Odobenus rosmarus,LEVEL2,480,2007.49,339.76,NA,1.27,NA,NA
Carnivora,Phocidae,Ommatophoca rossii,LEVEL3,252,1318.48,300.86,NA,0.16,NA,NA
Carnivora,Felidae,Oncifelis colocolo,LEVEL3,NA,NA,NA,NA,NA,85.3,148.63
Carnivora,Felidae,Oncifelis geoffroyi,LEVEL3,NA,529.08,73.3,1.5,NA,68.4,157.23
Carnivora,Felidae,Oncifelis guigna,LEVEL3,132,NA,74.99,NA,NA,102.85,83.63
Carnivora,Felidae,Oreailurus jacobita,LEVEL3,NA,NA,NA,NA,NA,80.94,95.75
Carnivora,Viverridae,Osbornictis piscivora,LEVEL3,NA,NA,NA,NA,NA,144.85,236.26
Carnivora,Otariidae,Otaria byronia,LEVEL2,297.6,1612.02,311.95,NA,NA,NA,NA
Carnivora,Felidae,Otocolobus manul,LEVEL3,NA,NA,76.17,NA,NA,29.96,7.27
Carnivora,Canidae,Otocyon megalotis,LEVEL3,165.6,364.99,67.63,2,1.2,45.84,210.08
Carnivora,Phocidae,Phoca caspica,LEVEL3,600,1905.11,334.58,NA,1.47,NA,NA
Carnivora,Phocidae,Phoca fasciata,LEVEL2,372,1095,299.18,NA,NA,NA,NA
Carnivora,Phocidae,Phoca groenlandica,LEVEL2,504,1648.1,243.09,NA,0.09,NA,NA
Carnivora,Phocidae,Phoca hispida,LEVEL2,552,1932.53,264.2,NA,0.95,NA,NA
Carnivora,Phocidae,Phoca largha,LEVEL2,426.13,1298.21,287.77,NA,NA,NA,NA
Carnivora,Phocidae,Phoca sibirica,LEVEL3,672,1916.3,277.99,NA,1.59,NA,NA
Carnivora,Phocidae,Phoca vitulina,LEVEL3,480,1337.02,288.95,NA,5.68,NA,NA
Carnivora,Otariidae,Phocarctos hookeri,LEVEL2,NA,1758.57,364.99,NA,NA,NA,NA
Carnivora,Viverridae,Paguma larvata,LEVEL2,216,NA,NA,NA,NA,149.56,176.11
Carnivora,Felidae,Panthera leo,LEVEL3,360,873.24,108.74,2,0.11,83.86,254.31
Carnivora,Felidae,Panthera onca,LEVEL3,276,1025.83,100.74,1,0.04,158.66,242.03
Carnivora,Felidae,Panthera pardus,LEVEL3,276,702.74,96.74,1,0.07,88.01,207.63
Carnivora,Felidae,Panthera tigris,LEVEL3,315.6,1318.92,105.19,1,0.03,138.99,211.51
Carnivora,Herpestidae,Paracynictis selousi,LEVEL3,NA,NA,NA,NA,NA,73.07,212.91
Carnivora,Viverridae,Paradoxurus hermaphroditus,LEVEL2,269,344.99,61.35,NA,NA,152.93,232.59
Carnivora,Viverridae,Paradoxurus jerdoni,LEVEL2,144,NA,NA,NA,NA,167.05,257.01
Carnivora,Viverridae,Paradoxurus zeylonensis,LEVEL2,NA,NA,NA,NA,NA,170.31,245.82
Carnivora,Hyaenidae,Parahyaena brunnea,LEVEL2,204,699.99,95.8,NA,0.01,34.35,186.6
Carnivora,Felidae,Pardofelis marmorata,LEVEL3,NA,NA,NA,NA,NA,202.31,226.89
Carnivora,Hyaenidae,Proteles cristatus,LEVEL3,300,547.49,90.62,NA,0.82,46.96,210.08
Carnivora,Canidae,Pseudalopex culpaeus,LEVEL3,NA,329.04,58.79,NA,1.01,56.2,88.75
Carnivora,Canidae,Pseudalopex griseus,LEVEL2,NA,NA,NA,NA,NA,50.59,111.32
Carnivora,Canidae,Pseudalopex gymnocercus,LEVEL2,164.4,NA,59.3,NA,NA,85.3,185.33
Carnivora,Canidae,Pseudalopex sechurae,LEVEL2,NA,NA,NA,NA,NA,15,169.29
Carnivora,Canidae,Pseudalopex vetulus,LEVEL2,NA,NA,NA,NA,NA,112.46,230.14
Carnivora,Mustelidae,Poecilogale albinucha,LEVEL3,62.4,769.39,32.59,1.5,NA,89.96,215.35
Carnivora,Viverridae,Poiana richardsonii,LEVEL2,64,NA,NA,NA,1,154.45,243.58
Carnivora,Procyonidae,Potos flavus,LEVEL2,348,753.49,117.1,1,34.5,153.67,241.49
Carnivora,Felidae,Prionailurus bengalensis,LEVEL3,180,741.36,65.28,NA,NA,125.74,169.1
Carnivora,Felidae,Prionailurus planiceps,LEVEL2,NA,NA,56,NA,NA,240.65,250.3
Carnivora,Felidae,Prionailurus rubiginosus,LEVEL3,NA,NA,NA,NA,NA,95.56,261.16
Carnivora,Felidae,Prionailurus viverrinus,LEVEL3,120,NA,71.62,NA,NA,160.45,233.96
Carnivora,Viverridae,Prionodon linsang,LEVEL2,128.4,NA,NA,NA,NA,236.46,249.83
Carnivora,Viverridae,Prionodon pardicolor,LEVEL2,NA,NA,NA,NA,NA,142.71,182.62
Carnivora,Procyonidae,Procyon cancrivorus,LEVEL2,168,547.49,69.52,NA,5.82,144.34,237.43
Carnivora,Procyonidae,Procyon gloveralleni,LEVEL2,NA,NA,NA,NA,NA,NA,NA
Carnivora,Procyonidae,Procyon insularis,LEVEL2,NA,NA,NA,NA,NA,NA,NA
Carnivora,Procyonidae,Procyon lotor,LEVEL2,247,482.45,64.99,1,3.29,63.25,111.84
Carnivora,Procyonidae,Procyon maynardi,LEVEL2,252,NA,63,NA,NA,NA,NA
Carnivora,Procyonidae,Procyon minor,LEVEL2,NA,NA,NA,NA,NA,NA,NA
Carnivora,Procyonidae,Procyon pygmaeus,LEVEL2,NA,NA,NA,NA,NA,123,256
Carnivora,Felidae,Profelis aurata,LEVEL3,NA,570.9,81.55,NA,NA,138.04,242.44
Carnivora,Mustelidae,Pteronura brasiliensis,LEVEL3,154,NA,69.99,NA,NA,162.68,245.44
Carnivora,Felidae,Puma concolor,LEVEL3,240,871.04,92.29,0.75,0.02,109.2,181.93
Carnivora,Herpestidae,Rhynchogale melleri,LEVEL2,NA,NA,NA,NA,NA,82.32,221.16
Carnivora,Herpestidae,Salanoia concolor,LEVEL2,57.6,NA,NA,NA,NA,197.43,205.2
Carnivora,Canidae,Speothos venaticus,LEVEL3,124,293.09,67.96,NA,NA,151.5,240.47
Carnivora,Mustelidae,Vormela peregusna,LEVEL3,107,NA,60.83,NA,NA,25.66,70.33
Carnivora,Canidae,Vulpes bengalensis,LEVEL2,120,NA,52.39,NA,NA,84.38,244.33
Carnivora,Canidae,Vulpes cana,LEVEL2,120,330,57.5,NA,1.25,19.76,165.74
Carnivora,Canidae,Vulpes chama,LEVEL2,120,270,52.65,NA,NA,30.71,179.11
Carnivora,Canidae,Vulpes corsac,LEVEL2,NA,888.75,54.99,NA,NA,19.36,37.75
Carnivora,Canidae,Vulpes ferrilata,LEVEL3,NA,364.99,54.36,NA,NA,60.84,-34.54
Carnivora,Mustelidae,Spilogale putorius,LEVEL2,120,176.08,32.17,NA,4.74,51.39,124.88
Carnivora,Mustelidae,Spilogale pygmaea,LEVEL2,NA,NA,47.24,NA,NA,97.2,217.13
Carnivora,Herpestidae,Suricata suricatta,LEVEL3,150,347.41,76.99,1,NA,26.55,175.81
Carnivora,Mustelidae,Taxidea taxus,LEVEL3,312,308.5,57.78,NA,1.98,41.62,91.54
Carnivora,Ursidae,Tremarctos ornatus,LEVEL2,437,NA,214.99,NA,NA,125.36,179.82
Carnivora,Felidae,Uncia uncia,LEVEL3,216,730,101.2,NA,0.07,43.86,-46.81
Carnivora,Canidae,Urocyon cinereoargenteus,LEVEL2,180,304.16,61.48,NA,2.43,69.98,148.41
Carnivora,Canidae,Urocyon littoralis,LEVEL2,96,313.49,53.84,NA,7,NA,NA
Carnivora,Ursidae,Ursus americanus,LEVEL1,384,1205.11,212.91,NA,0.73,51.94,3.89
Carnivora,Ursidae,Ursus arctos,LEVEL2,600,1150.39,223.47,NA,0.02,35.01,-46.56
Carnivora,Ursidae,Ursus maritimus,LEVEL2,458.4,1604.47,64.82,NA,7.05E-03,NA,NA
Carnivora,Ursidae,Ursus thibetanus,LEVEL1,422,879.28,200.17,NA,NA,111.63,126.64
Carnivora,Viverridae,Viverra civettina,LEVEL2,336,NA,NA,NA,NA,192.47,257.89
Carnivora,Viverridae,Viverra megaspila,LEVEL2,NA,NA,NA,NA,NA,162.59,242.1
Carnivora,Viverridae,Viverra tangalunga,LEVEL2,144,NA,NA,NA,NA,244.56,248.46
Carnivora,Viverridae,Viverra zibetha,LEVEL2,240,NA,80.5,NA,NA,149.37,187.9
Carnivora,Viverridae,Viverricula indica,LEVEL2,126,NA,NA,NA,NA,126.95,216.69
Carnivora,Canidae,Vulpes pallida,LEVEL2,120,NA,NA,NA,6.2,38.33,270.96
Carnivora,Canidae,Vulpes rueppellii,LEVEL3,NA,NA,NA,NA,NA,8.65,221.83
Carnivora,Canidae,Vulpes velox,LEVEL3,240,455.87,53.84,NA,0.23,27.14,127.19
Carnivora,Canidae,Vulpes vulpes,LEVEL3,180,279.13,52.49,NA,1.11,46.58,34.32
Carnivora,Canidae,Vulpes zerda,LEVEL2,175,255,51,NA,NA,3.55,245.56
Carnivora,Otariidae,Zalophus californianus,LEVEL2,360,1782.23,349.99,NA,0.5,NA,NA
